City,Population,Violent Crime
Adelanto,20970,212
Agoura Hills,78613,15
Alameda,19723,148
Albany,86175,34
Alhambra3,50751,168
Aliso Viejo,2566,32
Alturas3,20687,35
American Canyon3,349471,58
Anaheim3,10277,1271
Anderson,110537,88
Antioch,72173,771
Apple Valley,58694,234
Arcadia,17789,68
Arcata3,18071,54
Arroyo Grande3,16988,35
Artesia,20902,84
Arvin,29316,149
Atascadero3,7205,90
Atherton,29219,3
Atwater,14118,197
Auburn,3820,45
Avalon,12859,12
Avenal3,49431,25
Azusa,373887,173
Bakersfield,77538,1810
Baldwin Park3,31030,299
Banning,23700,197
Barstow,5428,283
Bear Valley3,43626,5
Beaumont,36395,138
Bell,78635,221
Bellflower,43411,373
Bell Gardens3,27377,137
Belmont,2144,26
Belvedere,28159,0
Benicia,120387,29
Berkeley,35054,530
Beverly Hills3,5209,99
Big Bear Lake,1712,54
Biggs3,3833,24
Bishop3,18961,38
Blythe,1097,90
Bradbury,26023,1
Brawley3,42043,146
Brea3,58398,80
Brentwood,4696,110
Brisbane,4382,9
Broadmoor,5097,16
Buellton3,83684,4
Buena Park3,105865,237
Burbank,30672,159
Burlingame,24505,45
Calabasas,40085,15
Calexico3,13218,169
California City,8553,121
Calimesa,5338,17
Calistoga,67325,11
Camarillo,41544,114
Campbell,11112,88
Canyon Lake,10201,7
Capitola,113972,28
Carlsbad,3913,172
Carmel,13829,10
Carpinteria,93677,11
Carson,53947,433
Cathedral City,35272,117
Central Marin,47693,40
Ceres,50238,122
Cerritos,89949,91
Chico3,86344,317
Chino,77515,221
Chino Hills,18978,70
Chowchilla,265215,74
Chula Vista,86853,705
Citrus Heights,3738,385
City of Angels3,36331,17
Claremont3,11879,64
Clayton,15044,11
Clearlake3,8839,117
Cloverdale,103769,15
Clovis,44953,239
Coachella,16073,153
Coalinga,1531,105
Colma3,54503,12
Colton,5937,185
Colusa3,13137,6
Commerce,99125,93
Compton,128767,988
Concord,22435,491
Corcoran3,7527,104
Corning,163633,44
Corona,25138,212
Coronado,113477,26
Costa Mesa3,7469,386
Cotati,49300,32
Covina3,6599,108
Crescent City3,24410,41
Cudahy,39890,78
Culver City,61162,156
Cupertino,49560,63
Cypress3,107320,56
Daly City,34312,234
Dana Point,44401,57
Danville,67034,16
Davis,52534,95
Delano,4346,219
Del Mar,1696,10
Del Rey Oaks,28416,5
Desert Hot Springs,57085,232
Diamond Bar,24223,58
Dinuba3,19357,175
Dixon,894,54
Dorris3,5112,5
Dos Palos,114754,50
Downey3,22171,335
Duarte,57148,72
Dublin,1557,68
Dunsmuir3,29864,2
East Palo Alto3,57808,181
Eastvale,103942,40
El Cajon,44033,360
El Centro3,24842,164
El Cerrito,166183,97
Elk Grove,117376,586
El Monte3,17164,400
El Segundo3,11549,41
Emeryville3,62909,153
Encinitas,7449,126
Escalon,151732,11
Escondido,705,529
Etna3,26858,1
Eureka3,10611,166
Exeter3,7686,26
Fairfax,112582,13
Fairfield,10835,486
Farmersville,1362,32
Ferndale3,15519,1
Fillmore,8484,82
Firebaugh,76183,53
Folsom,206982,71
Fontana,7310,804
Fort Bragg,680,33
Fort Jones3,11876,2
Fortuna3,33313,36
Foster City3,57392,20
Fountain Valley3,6144,66
Fowler,232427,46
Fremont,520837,337
Fresno,140771,2871
Fullerton3,25106,389
Galt,60782,70
Gardena3,176041,301
Garden Grove3,53467,504
Gilroy,202298,192
Glendale3,51753,195
Glendora3,31011,55
Goleta,8507,47
Gonzales,12502,39
Grand Terrace,12883,27
Grass Valley,17061,115
Greenfield,6580,101
Gridley3,13589,113
Grover Beach3,7318,33
Guadalupe,5726,9
Gustine,55299,25
Hanford3,14629,315
Hawaiian Gardens,88410,86
Hawthorne3,157157,628
Hayward,11744,556
Healdsburg3,84030,16
Hemet,25326,605
Hercules,19986,31
Hermosa Beach3,93348,44
Hesperia,1935,302
Hidden Hills,55011,1
Highland,11559,202
Hillsborough,37604,1
Hollister,6376,137
Holtville3,7377,15
Hughson3,203233,13
Huntington Beach,59668,420
Huntington Park,6818,386
Huron,17338,38
Imperial3,27341,5
Imperial Beach,5279,88
Indian Wells,87195,5
Indio,206,585
Industry,112450,68
Inglewood3,6804,775
Ione,258198,7
Irvine3,1433,144
Irwindale3,834,27
Isleton,4593,4
Jackson3,99706,15
Jurupa Valley,5329,260
Kensington,14595,1
Kerman,13755,33
King City,11813,61
Kingsburg,20763,28
La Canada Flintridge,25886,20
Lafayette,23485,14
Laguna Beach3,31139,76
Laguna Hills,66035,43
Laguna Niguel,16501,49
Laguna Woods3,62488,5
La Habra3,5500,104
La Habra Heights,61871,2
Lake Elsinore,80798,137
Lake Forest,4781,109
Lakeport,2529,29
Lake Shastina3,82047,1
Lakewood,59676,222
La Mesa,49685,196
La Mirada,162095,74
Lancaster,16001,1005
La Palma3,40958,13
La Puente,40554,119
La Quinta,32595,80
La Verne3,33605,68
Lawndale,26798,196
Lemon Grove,25348,161
Lemoore3,46663,118
Lincoln,13579,28
Lindsay3,88316,59
Livermore,14007,233
Livingston,64369,58
Lodi3,23985,377
Loma Linda,20893,27
Lomita,476318,67
Long Beach,11789,2766
Los Alamitos3,30598,18
Los Altos,8485,6
Los Altos Hills,3962726,1
Los Angeles,37395,25156
Los Banos,31044,131
Los Gatos,72398,31
Lynwood,64127,414
Madera,13033,450
Malibu,7955,25
Mammoth Lakes,36065,14
Manhattan Beach3,75019,70
Manteca,21094,213
Marina,37923,51
Martinez,12264,51
Marysville,28070,85
Maywood,13848,73
McFarland,87051,61
Menifee,11470,125
Mendota,33619,90
Menlo Park3,82409,32
Merced,14527,763
Mill Valley,75520,4
Milpitas,98217,77
Mission Viejo,210794,86
Modesto,37618,2025
Monrovia,1385,47
Montague3,38899,1
Montclair,64280,221
Montebello3,28491,158
Monterey,61750,136
Monterey Park3,3582,103
Monte Sereno,35804,0
Moorpark,17284,35
Moraga,205182,7
Moreno Valley,43154,643
Morgan Hill3,10620,71
Morro Bay,80705,46
Mountain View,3258,164
Mount Shasta3,109495,4
Murrieta,80749,69
Napa,60768,298
National City,4998,327
Needles,3020,25
Nevada City3,45258,14
Newark,10881,101
Newman,87749,16
Newport Beach,26925,112
Norco,107470,49
Norwalk,55782,400
Novato,22137,103
Oakdale,419481,43
Oakland,40163,6051
Oakley,176319,68
Oceanside,7665,702
Ojai,170274,7
Ontario,140572,547
Orange3,9715,172
Orange Cove,19311,15
Orinda,7549,5
Orland3,16289,22
Oroville3,207221,108
Oxnard,39531,920
Pacifica,15734,68
Pacific Grove,159613,7
Palmdale,51847,830
Palm Desert,47388,117
Palm Springs,67560,279
Palo Alto3,13739,68
Palos Verdes Estates,26514,7
Paradise3,55727,52
Paramount,15106,283
Parlier,141815,95
Pasadena3,31659,428
Paso Robles3,21410,62
Patterson3,75036,50
Perris,60450,178
Petaluma,64551,244
Pico Rivera,11372,199
Piedmont,19284,12
Pinole,7998,72
Pismo Beach3,69340,20
Pittsburg,52753,225
Placentia3,10601,76
Placerville3,34829,21
Pleasant Hill,79611,74
Pleasanton,154410,86
Pomona3,55760,792
Porterville,22249,186
Port Hueneme,50327,61
Poway,70955,44
Rancho Cordova,176376,344
Rancho Cucamonga,18156,264
Rancho Mirage,42993,41
Rancho Palos Verdes,49719,41
Rancho Santa Margarita,14045,44
Red Bluff,92020,118
Redding,71078,614
Redlands,68492,212
Redondo Beach,84415,185
Redwood City,25711,190
Reedley,103590,174
Rialto,28989,423
Ridgecrest,3378,136
Rio Dell3,8250,10
Rio Vista,15126,32
Ripon,24061,16
Riverbank3,323064,35
Riverside,61105,1441
Rocklin,42622,64
Rohnert Park,1912,207
Rolling Hills,8296,1
Rolling Hills Estates,55231,9
Rosemead,131039,155
Roseville,2500,239
Ross,489717,0
Sacramento,158185,3611
Salinas,216477,1098
San Bernardino,43499,2697
San Bruno,65755,105
San Clemente,339,79
Sand City,1400467,13
San Diego,34955,5582
San Dimas,24823,81
San Fernando3,863782,94
San Francisco,40714,6710
San Gabriel3,24933,89
Sanger,47022,120
San Jacinto,1031458,133
San Jose,36666,3400
San Juan Capistrano,90438,66
San Leandro,47116,412
San Luis Obispo,95314,193
San Marcos,13491,171
San Marino3,104306,17
San Mateo,30290,266
San Pablo,59598,230
San Rafael,76081,236
San Ramon,337304,27
Santa Ana3,91877,1626
Santa Barbara3,123562,363
Santa Clara,211132,156
Santa Clarita,64076,351
Santa Cruz3,17867,499
Santa Fe Springs3,104355,85
Santa Maria,93796,463
Santa Monica,30710,445
Santa Paula3,175738,96
Santa Rosa3,57934,606
Santee,31239,86
Saratoga,7182,18
Sausalito,11926,14
Scotts Valley3,24800,22
Seal Beach3,34459,24
Seaside,7725,97
Sebastopol3,24532,8
Selma,17690,188
Shafter,11226,63
Sierra Madre,11655,11
Signal Hill,127472,58
Simi Valley3,13448,174
Solana Beach,25170,15
Soledad,5571,53
Solvang,11107,11
Sonoma3,4779,32
Sonora3,20679,42
South El Monte,96775,125
South Gate3,21558,561
South Lake Tahoe3,26287,65
South Pasadena3,67843,30
South San Francisco,2611,157
Stallion Springs,38921,3
Stanton,6028,152
St. Helena,304890,9
Stockton,29539,4122
Suisun City,152443,81
Sunnyvale,15045,158
Susanville3,2457,173
Sutter Creek3,8819,12
Taft,12971,58
Tehachapi,111673,44
Temecula,36524,114
Temple City,129976,66
Thousand Oaks,9288,136
Tiburon3,149243,9
Torrance3,86477,214
Tracy,16331,154
Truckee,62475,20
Tulare,983,303
Tulelake3,71895,2
Turlock3,81953,380
Tustin3,26105,130
Twentynine Palms,15969,86
Ukiah,74648,153
Union City,76581,265
Upland,96693,232
Vacaville,121257,249
Vallejo,110077,1031
Ventura,115,374
Vernon3,123332,28
Victorville,6002,777
Villa Park,130405,1
Visalia,99097,608
Vista,30469,343
Walnut,68530,31
Walnut Creek,8800,91
Waterford3,53581,13
Watsonville,2836,303
Weed,109030,31
West Covina,36256,263
West Hollywood,8522,280
Westlake Village,92640,6
Westminster,2278,303
Westmorland3,52622,5
West Sacramento,3482,311
Wheatland,87807,1
Whittier3,36154,238
Wildomar,5205,39
Williams3,4856,10
Willits,6074,66
Willows,27565,40
Windsor,7023,85
Winters,7751,24
Woodlake3,57911,39
Woodland,68698,265
Yorba Linda,3030,39
Yountville3,7507,7
Yreka,65974,47
Yuba City,53498,216
Yucaipa,21672,94
Yucca Valley,21672,151
