City,Median Household Income
Acalanes Ridge,160000
Acampo,141250
Acton,92245
Adelanto,35262
Adin,29583
Agoura Hills,107268
Agua Dulce,88864
Aguanga,50213
Ahwahnee,59129
Airport,21607
Alameda,76439
Alamo,163151
Albany,78769
Albion,12209
Alderpoint,32688
Alhambra,53195
Alhambra Valley,62000
Aliso Viejo,102325
Alleghany,37663
Allendale,123125
Allensworth,25625
Almanor,Data Unavailable
Alondra Park,55263
Alpaugh,26927
Alpine,78433
Alpine Village,66458
Alta,55833
Alta Sierra,68792
Altadena,83917
Alto,62235
Alturas,31087
Alum Rock,70202
Amador City,48750
American Canyon,81955
Amesti,48617
Anaheim,59707
Anchor Bay,34191
Anderson,35225
Angels,55114
Angwin,66765
Antelope,64122
Antioch,65770
Anza,39489
Apple Valley,48337
Aptos,78929
Aptos Hills-Larkin Valley,74185
Arbuckle,47639
Arcadia,80147
Arcata,30244
Arden-Arcade,45750
Armona,38622
Arnold,58688
Aromas,67019
Arroyo Grande,63558
Artesia,60544
Artois,60096
Arvin,35359
Ashland,45074
Aspen Springs,Data Unavailable
Atascadero,66342
Atherton,Data Unavailable
Atwater,41619
Auberry,50221
Auburn,54085
Auburn Lake Trails,93833
August,28518
Avalon,54231
Avenal,29302
Avery,31719
Avila Beach,73304
Avocado Heights,72174
Azusa,52087
Baker,36838
Bakersfield,56842
Baldwin Park,51189
Ballard,87083
Ballico,41250
Bangor,39500
Banning,39556
Barstow,40648
Bass Lake,36250
Bay Point,41749
Bayview,82431
Bayview,26987
Beale AFB,42904
Bear Creek,16719
Bear Valley,75179
Bear Valley,16042
Bear Valley Springs,82761
Beaumont,66775
Beckwourth,52609
Belden,Data Unavailable
Bell,36496
Bell Canyon,208508
Bell Gardens,37103
Bella Vista,52041
Bellflower,49360
Belmont,106287
Belvedere,166250
Ben Lomond,70281
Benbow,47308
Bend,74375
Benicia,89094
Benton,26000
Berkeley,65283
Bermuda Dunes,60494
Berry Creek,41287
Bertsch-Oceanview,35678
Bethel Island,36845
Beverly Hills,87366
Bieber,42083
Big Bear City,43404
Big Bear Lake,41058
Big Bend,23750
Big Creek,82917
Big Lagoon,60179
Big Pine,49750
Big River,23589
Biggs,40847
Biola,26750
Bishop,30395
Black Point-Green Point,117431
Blackhawk,167875
Blacklake,71471
Blairsden,11250
Bloomfield,77955
Bloomington,48985
Blue Lake,45750
Bluewater,40417
Blythe,46393
Bodega,29688
Bodega Bay,86000
Bodfish,20121
Bolinas,74310
Bombay Beach,15050
Bonadelle Ranchos-Madera Ranchos,77321
Bonita,87666
Bonny Doon,88221
Bonsall,69399
Boonville,35938
Bootjack,41683
Boron,31333
Boronda,42333
Borrego Springs,36583
Bostonia,42333
Boulder Creek,79392
Boulevard,12421
Bowles,31250
Boyes Hot Springs,54788
Bradbury,112273
Bradley,53333
Brawley,41718
Brea,81857
Brentwood,88697
Bret Harte,28279
Bridgeport,39118
Brisbane,80233
Broadmoor,100109
Brookdale,84451
Brooktrails,48097
Buck Meadows,Data Unavailable
Buckhorn,49583
Bucks Lake,Data Unavailable
Buellton,59695
Buena Park,68884
Buena Vista,58419
Burbank,66111
Burbank,64592
Burlingame,90890
Burney,38214
Burnt Ranch,55500
Butte Creek Canyon,75417
Butte Meadows,Data Unavailable
Butte Valley,52734
Buttonwillow,34274
Byron,75673
Bystrom,25543
C-Road,78796
Cabazon,40144
Calabasas,117176
Calexico,35233
California City,57660
California Hot Springs,41250
California Pines,41518
Calimesa,42392
Calipatria,30911
Calistoga,52131
Callender,75200
Calpella,44000
Calpine,25938
Calwa,18625
Camanche North Shore,77375
Camanche Village,86176
Camarillo,87120
Cambria,62948
Cambrian Park,101406
Cameron Park,74690
Camino,72383
Camino Tassajara,142371
Camp Nelson,84107
Camp Pendleton North,37075
Camp Pendleton South,43742
Campbell,91269
Campo,59294
Camptonville,28750
Canby,41932
Cantua Creek,31181
Canyon Lake,74682
Canyondam,Data Unavailable
Capitola,56607
Caribou,Data Unavailable
Carlsbad,87416
Carmel Valley Village,95444
Carmel-by-the-Sea,62460
Carmet,Data Unavailable
Carmichael,54598
Carnelian Bay,72083
Carpinteria,65467
Carrick,Data Unavailable
Carson,71420
Cartago,46016
Caruthers,44375
Casa Conejo,89432
Casa de Oro-Mount Helix,75637
Casmalia,47031
Caspar,50000
Cassel,34600
Castaic,105523
Castle Hill,113952
Castro Valley,83442
Castroville,50000
Cathedral City,43128
Catheys Valley,51528
Cayucos,57863
Cazadero,43875
Cedar Ridge,54271
Cedar Slope,Data Unavailable
Cedarville,28274
Centerville,85833
Ceres,46132
Cerritos,91487
Chalfant,66361
Challenge-Brownsville,47959
Channel Islands Beach,90521
Charter Oak,61946
Cherokee,36875
Cherokee Strip,36250
Cherry Valley,58080
Cherryland,50374
Chester,40417
Chico,42334
Chilcoot-Vinton,Data Unavailable
China Lake Acres,21970
Chinese Camp,24722
Chino,72554
Chino Hills,97609
Chowchilla,36852
Chualar,58036
Chula Vista,66110
Citrus,58626
Citrus Heights,51150
Claremont,89648
Clarksburg,49783
Clay,76184
Clayton,131136
Clear Creek,33021
Clearlake,25532
Clearlake Oaks,27500
Clearlake Riviera,43167
Cleone,62632
Clio,75313
Clipper Mills,Data Unavailable
Cloverdale,59120
Clovis,63662
Clyde,41382
Coachella,40423
Coalinga,50373
Coarsegold,30216
Cobb,71641
Coffee Creek,58889
Cohasset,55595
Cold Springs,49150
Cold Springs,34963
Coleville,45147
Colfax,46902
College City,97727
Collierville,51595
Colma,88438
Coloma,65426
Colton,39915
Columbia,40313
Colusa,45959
Commerce,45846
Comptche,83750
Compton,43230
Concord,67122
Concow,34773
Contra Costa Centre,87721
Copperopolis,56831
Corcoran,34082
Corning,36906
Corona,77021
Coronado,90876
Coronita,78304
Corralitos,84466
Corte Madera,113279
Costa Mesa,66491
Cotati,59808
Coto de Caza,166328
Cottonwood,42660
Coulterville,45000
Country Club,43323
Courtland,58472
Covelo,26389
Covina,64496
Cowan,37656
Crescent City,27885
Crescent Mills,31655
Cressey,53214
Crest,74115
Crestline,47175
Creston,83523
Crockett,81667
Cromberg,32188
Crowley Lake,88500
Crows Landing,29018
Cudahy,37759
Culver City,79292
Cupertino,134872
Cutler,18346
Cutten,55080
Cuyama,27188
Cypress,83819
Daly City,74489
Dana Point,84404
Danville,140616
Daphnedale Park,Data Unavailable
Darwin,Data Unavailable
Davenport,67031
Davis,57454
Day Valley,73393
Deer Park,97266
Del Aire,79943
Del Mar,103457
Del Monte Forest,102396
Del Rey,31222
Del Rey Oaks,101250
Del Rio,102679
Delano,36244
Delft Colony,8456
Delhi,46224
Delleker,30878
Denair,63136
Derby Acres,34792
Descanso,59115
Desert Center,55750
Desert Edge,30579
Desert Hot Springs,33575
Desert Palms,56108
Desert Shores,30735
Desert View Highlands,62946
Diablo,167188
Diablo Grande,92880
Diamond Bar,90901
Diamond Springs,52483
Dillon Beach,44417
Dinuba,38509
Discovery Bay,112063
Dixon,66818
Dixon Lane-Meadow Creek,44792
Dobbins,35469
Dogtown,68281
Dollar Point,68892
Dorrington,81477
Dorris,30179
Dos Palos,33700
Dos Palos Y,17708
Douglas City,31645
Downey,60374
Downieville,54196
Doyle,21950
Drytown,77188
Duarte,62186
Dublin,114699
Ducor,28036
Dunnigan,63875
Dunsmuir,29464
Durham,69323
Dustin Acres,48269
Dutch Flat,54000
Eagleville,28333
Earlimart,24968
East Foothills,120881
East Hemet,45374
East Los Angeles,39103
East Nicolaus,42566
East Oakdale,84018
East Orosi,29000
East Palo Alto,52716
East Pasadena,76019
East Porterville,31900
East Quincy,51045
East Rancho Dominguez,44964
East Richmond Heights,68185
East San Gabriel,72500
East Shore,80625
East Sonora,43484
East Tulare Villa,45446
East Whittier,66377
Easton,58813
Eastvale,109783
Edgewood,34375
Edmundson Acres,35000
Edna,75294
Edwards AFB,63162
El Cajon,45957
El Centro,41677
El Cerrito,88380
El Cerrito,60987
El Dorado Hills,118306
El Granada,110000
El Monte,38906
El Nido,30956
El Paso de Robles (Paso Robles),59978
El Portal,102872
El Rancho,Data Unavailable
El Rio,59179
El Segundo,84004
El Sobrante,60732
El Sobrante,99080
El Verano,50811
Eldridge,54355
Elizabeth Lake,56806
Elk Creek,42500
Elk Grove,79051
Elkhorn,84758
Elmira,71793
Elverta,60718
Emerald Lake Hills,166063
Emeryville,69329
Empire,31446
Encinitas,92564
Escalon,57971
Escondido,49409
Esparto,64844
Etna,26711
Eucalyptus Hills,71861
Eureka,38007
Exeter,41341
Fair Oaks,73295
Fairbanks Ranch,119228
Fairfax,93354
Fairfield,66190
Fairmead,31058
Fairview,90365
Fall River Mills,32824
Fallbrook,51765
Farmersville,32455
Farmington,19886
Fellows,63250
Felton,75550
Ferndale,45948
Fetters Hot Springs-Agua Caliente,58232
Fiddletown,42500
Fieldbrook,62750
Fields Landing,16537
Fillmore,54519
Firebaugh,31312
Fish Camp,Data Unavailable
Florence-Graham,33992
Florin,40183
Floriston,56607
Flournoy,58500
Folsom,100163
Fontana,64995
Foothill Farms,44590
Forbestown,63676
Ford City,32134
Forest Meadows,70484
Forest Ranch,41649
Foresthill,34821
Forestville,55740
Fort Bidwell,23333
Fort Bragg,34057
Fort Irwin,49928
Fort Jones,39500
Fort Washington,92566
Fortuna,42450
Foster City,114651
Fountain Valley,82532
Fowler,47731
Franklin,34671
Franklin,24531
Frazier Park,43077
Freedom,51492
Freeport,46250
Fremont,103591
French Camp,35833
French Gulch,28750
French Valley,88699
Fresno,41455
Friant,18884
Fruitdale,73250
Fruitridge Pocket,32853
Fuller Acres,33750
Fullerton,65909
Fulton,65750
Furnace Creek,33000
Galt,59375
Garberville,29694
Garden Acres,38940
Garden Farms,102344
Garden Grove,59360
Gardena,47856
Garey,62500
Garnet,37910
Gasquet,35547
Gazelle,21071
Georgetown,46136
Gerber,31781
Geyserville,49271
Gilroy,81056
Glen Ellen,48750
Glendale,52451
Glendora,74169
Gold Mountain,Data Unavailable
Gold River,102500
Golden Hills,64425
Goleta,75766
Gonzales,51178
Good Hope,34801
Goodyears Bar,Data Unavailable
Goshen,38162
Graeagle,54688
Grand Terrace,64140
Grangeville,50450
Granite Bay,118063
Granite Hills,111684
Graniteville,Data Unavailable
Grass Valley,33325
Graton,37927
Grayson,28068
Greeley Hill,30766
Green Acres,55417
Green Valley,93313
Green Valley,77946
Greenacres,64052
Greenfield,51410
Greenfield,52374
Greenhorn,58023
Greenview,14193
Greenville,30766
Grenada,30750
Gridley,42542
Grimes,40947
Grizzly Flats,56250
Groveland,31932
Grover Beach,49418
Guadalupe,45456
Guerneville,42712
Guinda,77596
Gustine,38173
Hacienda Heights,76435
Half Moon Bay,103239
Hamilton Branch,60268
Hamilton City,32774
Hanford,53543
Happy Camp,25625
Harbison Canyon,81913
Hardwick,18250
Hartland,Data Unavailable
Hartley,97100
Hasley Canyon,100972
Hat Creek,36027
Hawaiian Gardens,39073
Hawthorne,44384
Hayfork,28287
Hayward,62691
Healdsburg,58176
Heber,35153
Hemet,33932
Herald,92045
Hercules,100267
Herlong,50781
Hermosa Beach,105029
Hesperia,44472
Hickman,48000
Hidden Hills,245694
Hidden Meadows,61234
Hidden Valley Lake,65706
Highgrove,41087
Highland,53385
Highlands-Baywood Park,135345
Hillsborough,Data Unavailable
Hilmar-Irwin,52775
Hiouchi,46083
Hollister,66045
Holtville,29628
Home Garden,32976
Home Gardens,52704
Homeland,36516
Homestead Valley,30527
Homewood Canyon,Data Unavailable
Honcut,70064
Hood,75556
Hopland,38750
Hornbrook,27083
Hornitos,Data Unavailable
Hughson,50109
Humboldt Hill,48134
Huntington Beach,82554
Huntington Park,34777
Huron,28896
Hyampom,29952
Hydesville,56216
Idlewild,Data Unavailable
Idyllwild-Pine Cove,60500
Imperial,73683
Imperial Beach,48117
Independence,50625
Indian Falls,Data Unavailable
Indian Wells,85000
Indianola,40769
Indio,47922
Indio Hills,37386
Industry,51951
Inglewood,42249
Interlaken,70541
Inverness,51850
Inyokern,51172
Ione,50617
Iron Horse,97829
Irvine,91999
Irwindale,56625
Isla Vista,19237
Isleton,30900
Ivanhoe,32783
Jackson,41745
Jacumba,Data Unavailable
Jamestown,38488
Jamul,109492
Janesville,73617
Jenner,83750
Johannesburg,13906
Johnstonville,67708
Johnsville,Data Unavailable
Joshua Tree,38297
Julian,77050
Junction City,37917
June Lake,50595
Jurupa Valley,55898
Keddie,83594
Keeler,13824
Keene,65474
Kelly Ridge,38645
Kelseyville,37606
Kennedy,37675
Kennedy Meadows,14408
Kensington,136625
Kentfield,175573
Kenwood,86719
Kerman,45539
Kernville,51731
Keswick,60417
Kettleman City,41131
Keyes,37421
King City,40500
Kings Beach,39639
Kingsburg,60361
Kingvale,63295
Kirkwood,39375
Klamath,30769
Knights Landing,45789
Knightsen,78672
La Ca�ada Flintridge,151786
La Crescenta-Montrose,89737
La Habra,61364
La Habra Heights,111250
La Honda,104479
La Mesa,54630
La Mirada,81178
La Palma,84026
La Porte,Data Unavailable
La Presa,60817
La Puente,54660
La Quinta,71074
La Riviera,58694
La Selva Beach,108611
La Verne,75662
La Vina,31900
Ladera,225391
Ladera Heights,100811
Ladera Ranch,131952
Lafayette,138073
Laguna Beach,97881
Laguna Hills,91460
Laguna Niguel,98957
Laguna Woods,36708
Lagunitas-Forest Knolls,79148
Lake Almanor Country Club,74286
Lake Almanor Peninsula,59583
Lake Almanor West,113819
Lake Arrowhead,64461
Lake California,52165
Lake City,37750
Lake Davis,Data Unavailable
Lake Don Pedro,71970
Lake Elsinore,63303
Lake Forest,92781
Lake Hughes,21932
Lake Isabella,22726
Lake Los Angeles,40227
Lake Mathews,69011
Lake Nacimiento,68516
Lake of the Pines,75403
Lake of the Woods,33750
Lake Riverside,61484
Lake San Marcos,43125
Lake Sherwood,230000
Lake Wildwood,65427
Lakehead,31136
Lakeland Village,41289
Lakeport,36361
Lakeside,62037
Lakeview,47383
Lakewood,79113
Lamont,33433
Lanare,47875
Lancaster,49057
Larkfield-Wikiup,75230
Larkspur,82568
Las Flores,121696
Las Flores,27763
Las Lomas,68194
Lathrop,63087
Laton,29865
Lawndale,48376
Laytonville,31190
Le Grand,38625
Lebec,56324
Lee Vining,Data Unavailable
Leggett,43571
Lemon Cove,34875
Lemon Grove,52339
Lemon Hill,27101
Lemoore,52701
Lemoore Station,44632
Lennox,36573
Lenwood,42727
Leona Valley,77582
Lewiston,33929
Lexington Hills,125893
Likely,Data Unavailable
Lincoln,70870
Lincoln Village,55125
Linda,36063
Lindcove,45625
Linden,87585
Lindsay,30198
Linnell Camp,20556
Litchfield,49688
Little Grass Valley,Data Unavailable
Little River,Data Unavailable
Littlerock,39745
Live Oak,64957
Live Oak,42349
Livermore,99683
Livingston,50674
Lockeford,45698
Lockwood,94615
Lodi,48662
Lodoga,50000
Loleta,41094
Loma Linda,58259
Loma Mar,93810
Loma Rica,64615
Lomita,57245
Lompico,72215
Lompoc,47908
London,24816
Lone Pine,31838
Long Barn,24388
Long Beach,52944
Lookout,36635
Loomis,82813
Los Alamitos,82258
Los Alamos,62429
Los Altos,157500
Los Altos Hills,224271
Los Angeles,49682
Los Banos,45665
Los Berros,60958
Los Gatos,122860
Los Molinos,36466
Los Olivos,89667
Los Osos,56860
Los Ranchos,96705
Lost Hills,31875
Lower Lake,31781
Loyalton,43000
Loyola,210882
Lucas Valley-Marinwood,129389
Lucerne,20784
Lucerne Valley,34024
Lynwood,41930
Lytle Creek,71000
Mabie,Data Unavailable
Macdoel,28500
Mad River,34907
Madera,42027
Madera Acres,60529
Madison,51875
Magalia,39514
Malaga,38350
Malibu,130432
Mammoth Lakes,60984
Manchester,29118
Manhattan Beach,142071
Manila,32997
Manteca,62032
Manton,31250
March ARB,68261
Maricopa,33750
Marin City,39872
Marina,53828
Marina del Rey,101860
Mariposa,34881
Markleeville,70511
Martell,13508
Martinez,85736
Marysville,34942
Matheny,31208
Mather,86705
Maxwell,44625
Mayfair,40625
Mayflower Village,72034
Maywood,36492
McArthur,42935
McClellan Park,23977
McClenney Tract,Data Unavailable
McCloud,31071
McFarland,34750
McGee Creek,91860
McKinleyville,50298
McKittrick,43000
McSwain,98519
Mead Valley,41962
Meadow Valley,51944
Meadow Vista,71007
Meadowbrook,34815
Mecca,26473
Meiners Oaks,70430
Mendocino,51917
Mendota,25229
Menifee,56671
Menlo Park,115650
Mentone,55682
Merced,38917
Meridian,50000
Mesa,82266
Mesa Verde,37891
Mesa Vista,61364
Mettler,42917
Mexican Colony,17375
Mi-Wuk Village,49458
Middletown,48965
Midpines,41063
Midway City,45581
Milford,64961
Mill Valley,132192
Millbrae,91846
Millville,59375
Milpitas,99072
Mineral,52500
Minkler,81339
Mira Monte,70905
Miranda,50144
Mission Canyon,112717
Mission Hills,81250
Mission Viejo,98157
Modesto,47607
Mohawk Vista,58500
Mojave,34500
Mokelumne Hill,62396
Monmouth,34500
Mono City,31500
Mono Vista,46250
Monrovia,72034
Monson,41667
Montague,42500
Montalvin Manor,64778
Montara,147568
Montclair,48767
Monte Rio,33681
Monte Sereno,187115
Montebello,47562
Montecito,130129
Monterey,64772
Monterey Park,54821
Monterey Park Tract,90134
Montgomery Creek,62708
Monument Hills,112344
Moorpark,99353
Morada,61270
Moraga,132651
Moreno Valley,54229
Morgan Hill,96232
Morongo Valley,32295
Morro Bay,50914
Moskowite Corner,49286
Moss Beach,81622
Moss Landing,30500
Mount Hebron,25368
Mount Hermon,48549
Mount Laguna,Data Unavailable
Mount Shasta,43969
Mountain Center,Data Unavailable
Mountain Gate,33906
Mountain House,106119
Mountain Mesa,38250
Mountain Ranch,38630
Mountain View,43077
Mountain View,100028
Mountain View Acres,55673
Muir Beach,161458
Murphys,46885
Murrieta,74401
Muscoy,35660
Myers Flat,Data Unavailable
Myrtletown,61534
Napa,64058
National City,39517
Needles,33045
Nevada City,51685
New Cuyama,34000
New Pine Creek,31023
Newark,86521
Newcastle,45865
Newell,23182
Newman,43722
Newport Beach,107991
Nicasio,96500
Nice,24149
Nicolaus,85625
Niland,17461
Nipinnawasee,66397
Nipomo,57185
Norco,85142
Nord,31923
Norris Canyon,196726
North Auburn,48052
North Edwards,45658
North El Monte,69960
North Fair Oaks,63343
North Gate,96333
North Highlands,40986
North Lakeport,52577
North Richmond,35288
North San Juan,27417
North Shore,24853
North Tustin,123270
Norwalk,60523
Novato,76609
Nubieber,Data Unavailable
Nuevo,59464
Oak Glen,66923
Oak Hills,74257
Oak Park,117326
Oak Shores,81964
Oak View,72137
Oakdale,53785
Oakhurst,39709
Oakland,52962
Oakley,78597
Oakville,Data Unavailable
Oasis,24293
Occidental,70172
Oceano,48629
Oceanside,58385
Ocotillo,21397
Oildale,33818
Ojai,60714
Olancha,41974
Old Fig Garden,63358
Old Station,Data Unavailable
Olivehurst,43044
Ontario,54156
Onyx,27991
Orange,77086
Orange Cove,27450
Orangevale,65288
Orcutt,71830
Orick,32656
Orinda,166866
Orland,38425
Orosi,34464
Oroville,36581
Oroville East,52944
Oxnard,62349
Pacheco,48024
Pacific Grove,70230
Pacifica,96875
Pajaro,29179
Pajaro Dunes,67250
Palermo,42371
Palm Desert,52053
Palm Springs,45497
Palmdale,54921
Palo Alto,126771
Palo Cedro,81000
Palo Verde,Data Unavailable
Palos Verdes Estates,171328
Panorama Heights,22500
Paradise,41482
Paradise,48864
Paradise Park,62125
Paramount,43784
Parklawn,42105
Parksdale,30069
Parkway,33959
Parkwood,31908
Parlier,31832
Pasadena,70845
Pasatiempo,175536
Paskenta,36250
Patterson,54422
Patterson Tract,37688
Patton Village,46477
Paxton,Data Unavailable
Paynes Creek,44375
Pearsonville,Data Unavailable
Penn Valley,43750
Penngrove,73430
Penryn,80213
Perris,48591
Pescadero,61161
Petaluma,80590
Peters,116616
Phelan,53093
Phillipsville,23860
Philo,16667
Phoenix Lake,75434
Pico Rivera,56576
Piedmont,212222
Pierpoint,Data Unavailable
Pike,35714
Pine Canyon,46683
Pine Flat,30625
Pine Grove,48571
Pine Hills,52438
Pine Mountain Club,45911
Pine Mountain Lake,51604
Pine Valley,100085
Pinole,74379
Pioneer,42614
Piru,46601
Pismo Beach,67500
Pittsburg,60376
Pixley,28179
Pi�on Hills,42210
Placentia,79275
Placerville,46199
Plainview,25938
Planada,35690
Pleasant Hill,81556
Pleasanton,123608
Pleasure Point,57462
Plumas Eureka,63611
Plumas Lake,78333
Plymouth,44531
Point Arena,30000
Point Reyes Station,36597
Pollock Pines,49044
Pomona,48993
Ponderosa,Data Unavailable
Poplar-Cotton Center,21434
Port Costa,94018
Port Hueneme,52826
Porterville,41267
Portola,34134
Portola Valley,182381
Posey,Data Unavailable
Poso Park,Data Unavailable
Potrero,29554
Potter Valley,64500
Poway,96315
Prattville,Data Unavailable
Princeton,63929
Proberta,34477
Prunedale,72933
Quartz Hill,53929
Quincy,46875
Rackerby,48125
Rail Road Flat,29922
Rainbow,54408
Raisin City,18750
Ramona,62919
Rancho Calaveras,56607
Rancho Cordova,53563
Rancho Cucamonga,77061
Rancho Mirage,71688
Rancho Murieta,103750
Rancho Palos Verdes,120697
Rancho San Diego,80591
Rancho Santa Fe,101250
Rancho Santa Margarita,104952
Rancho Tehama Reserve,26046
Randsburg,26813
Red Bluff,32393
Red Corral,30431
Redcrest,28750
Redding,43773
Redlands,67112
Redondo Beach,103064
Redway,37882
Redwood City,81955
Redwood Valley,78340
Reedley,46002
Reliez Valley,126458
Rialto,50277
Richfield,42500
Richgrove,29792
Richmond,54857
Richvale,77734
Ridgecrest,61480
Ridgemark,100690
Rio del Mar,95938
Rio Dell,39692
Rio Linda,50873
Rio Oso,66250
Rio Vista,62616
Ripley,16522
Ripon,75420
River Pines,48285
Riverbank,59183
Riverdale,48350
Riverdale Park,26838
Riverside,56089
Robbins,38158
Robinson Mill,Data Unavailable
Rocklin,79274
Rodeo,68701
Rodriguez Camp,27596
Rohnert Park,57557
Rolling Hills,218583
Rolling Hills,100774
Rolling Hills Estates,136477
Rollingwood,48974
Romoland,61232
Rosamond,59099
Rose Hills,94764
Rosedale,111273
Roseland,53364
Rosemead,44524
Rosemont,54384
Roseville,76712
Ross,186477
Rossmoor,114239
Rough and Ready,42268
Round Mountain,22115
Round Valley,45833
Rouse,23618
Rowland Heights,61375
Running Springs,69412
Ruth,24028
Rutherford,62024
Sacramento,50013
Salida,72872
Salinas,49728
Salmon Creek,34783
Salton City,33906
Salton Sea Beach,19934
Samoa,52778
San Andreas,40613
San Anselmo,100681
San Antonio Heights,95250
San Ardo,42333
San Bernardino,38774
San Bruno,81420
San Buenaventura (Ventura),66485
San Carlos,125747
San Clemente,91749
San Diego,65753
San Diego Country Estates,100849
San Dimas,78911
San Fernando,55044
San Francisco,78378
San Gabriel,56238
San Geronimo,79485
San Jacinto,46714
San Joaquin,25545
San Jose,83787
San Juan Bautista,57717
San Juan Capistrano,72568
San Leandro,64279
San Lorenzo,74283
San Lucas,45417
San Luis Obispo,44894
San Marcos,56139
San Marino,119300
San Martin,107966
San Mateo,90087
San Miguel,136346
San Miguel,47875
San Pablo,42746
San Pasqual,103409
San Rafael,75668
San Ramon,129062
San Simeon,33889
Sand City,34659
Sanger,42094
Santa Ana,52519
Santa Barbara,65916
Santa Clara,93840
Santa Clarita,83178
Santa Cruz,61533
Santa Fe Springs,51786
Santa Margarita,51453
Santa Maria,50753
Santa Monica,74534
Santa Nella,30000
Santa Paula,53692
Santa Rosa,60758
Santa Rosa Valley,162639
Santa Susana,87386
Santa Venetia,81583
Santa Ynez,97911
Santee,74213
Saranap,102054
Saratoga,167917
Saticoy,35926
Sattley,Data Unavailable
Sausalito,111702
Scotia,54605
Scotts Valley,102927
Sea Ranch,59375
Seacliff,61437
Seal Beach,54026
Searles Valley,30478
Seaside,52538
Sebastopol,52326
Seeley,26761
Selma,43143
Sequoia Crest,Data Unavailable
Sereno del Mar,123611
Seville,34219
Shafter,41107
Shandon,59236
Shasta,61042
Shasta Lake,40295
Shaver Lake,80481
Shell Ridge,120163
Shelter Cove,23480
Sheridan,47719
Shingle Springs,82788
Shingletown,50491
Shoshone,Data Unavailable
Sierra Brooks,41250
Sierra City,123846
Sierra Madre,90780
Sierra Village,50024
Sierraville,32500
Signal Hill,67320
Silver City,Data Unavailable
Silver Lakes,66703
Silverado Resort,161739
Simi Valley,89595
Sisquoc,43750
Sky Valley,34107
Sleepy Hollow,189688
Smartsville,26100
Smith Corner,36063
Smith River,32426
Snelling,38333
Soda Bay,57450
Soda Springs,28917
Solana Beach,90579
Soledad,46010
Solvang,66511
Sonoma,66951
Sonora,32985
Soquel,78703
Soulsbyville,74250
South Dos Palos,44180
South El Monte,44498
South Gate,43526
South Lake Tahoe,41380
South Monrovia Island,57012
South Oroville,33605
South Pasadena,80479
South San Francisco,78101
South San Gabriel,66958
South San Jose Hills,58154
South Taft,39784
South Whittier,64112
Spaulding,54722
Spreckels,80288
Spring Garden,Data Unavailable
Spring Valley,27404
Spring Valley,64517
Spring Valley Lake,59040
Springville,35038
Squaw Valley,63629
Squirrel Mountain Valley,42596
St. Helena,78421
Stallion Springs,55903
Stanford,51622
Stanton,45842
Stevenson Ranch,114555
Stevinson,52250
Stinson Beach,108571
Stirling City,97792
Stockton,45347
Stonyford,50833
Storrie,Data Unavailable
Stratford,23750
Strathmore,26250
Strawberry,87870
Strawberry,Data Unavailable
Sugarloaf Mountain Park,Data Unavailable
Sugarloaf Saw Mill,Data Unavailable
Sugarloaf Village,21250
Suisun City,71306
Sultana,24282
Summerland,89050
Sun Village,57840
Sunny Slopes,135438
Sunnyside,63222
Sunnyside-Tahoe City,69330
Sunnyvale,103257
Sunol,82750
Susanville,49430
Sutter,64671
Sutter Creek,41071
Swall Meadows,72083
Taft,50991
Taft Heights,54505
Taft Mosswood,31829
Tahoe Vista,53068
Tahoma,50568
Talmage,69853
Tamalpais-Homestead Valley,138598
Tara Hills,57708
Tarpey Village,58641
Taylorsville,76176
Tecopa,12000
Tehachapi,42654
Tehama,47679
Temecula,78535
Temelec,40000
Temescal Valley,89259
Temple City,63803
Templeton,72854
Tennant,14934
Terminous,53636
Terra Bella,24489
Teviston,24267
Thermal,26344
Thermalito,35156
Thornton,33500
Thousand Oaks,99115
Thousand Palms,43813
Three Rivers,43913
Three Rocks,Data Unavailable
Tiburon,130661
Timber Cove,34554
Tipton,32239
Tobin,Data Unavailable
Tomales,38480
Tonyville,49934
Tooleville,29125
Topanga,115518
Topaz,Data Unavailable
Toro Canyon,72500
Torrance,78286
Tracy,74748
Tranquillity,24919
Traver,38359
Tres Pinos,75893
Trinidad,42917
Trinity Center,26859
Trinity Village,32292
Trona,Data Unavailable
Trowbridge,52917
Truckee,72159
Tulare,46387
Tulelake,35208
Tuolumne City,33030
Tupman,45313
Turlock,51594
Tustin,71105
Tuttle,Data Unavailable
Tuttletown,47794
Twain,Data Unavailable
Twain Harte,43625
Twentynine Palms,40890
Twin Lakes,50933
Ukiah,42237
Union City,82564
"University of California, Davis",25462
"University of California, Merced",Data Unavailable
Upland,61551
Upper Lake,32438
Vacaville,74207
Val Verde,68017
Valinda,66697
Valle Vista,40010
Vallecito,83487
Vallejo,58472
Valley Acres,47466
Valley Center,85176
Valley Ford,9312
Valley Home,36964
Valley Ranch,115000
Valley Springs,67827
Valley Wells,Data Unavailable
Vandenberg AFB,61308
Vandenberg Village,77551
Verdi,4853
Vernon,38500
Victor,19259
Victorville,47142
View Park-Windsor Hills,76461
Villa Park,150864
Vina,26250
Vincent,76682
Vine Hill,62857
Vineyard,76084
Visalia,52262
Vista,47782
Vista Santa Rosa,52713
Volcano,Data Unavailable
Volta,42464
Walker,63889
Wallace,72120
Walnut,100934
Walnut Creek,80399
Walnut Grove,65463
Walnut Park,41202
Warm Springs,80042
Warner Valley,Data Unavailable
Wasco,39273
Washington,Data Unavailable
Waterford,44660
Waterloo,132125
Watsonville,46691
Waukena,46750
Wawona,47656
Weaverville,42165
Weed,29200
Weedpatch,28075
Weldon,30988
Weott,93393
West Athens,38371
West Bishop,83125
West Carson,62414
West Covina,67069
West Goshen,20350
West Hollywood,56025
West Menlo Park,169798
West Modesto,27297
West Park,36389
West Point,28262
West Puente Valley,62669
West Rancho Dominguez,44909
West Sacramento,53307
West Whittier-Los Nietos,62486
Westhaven-Moonstone,54261
Westlake Village,115550
Westley,18462
Westminster,53660
Westmont,27072
Westmorland,22372
Westwood,33452
Wheatland,61370
Whitehawk,76944
Whitewater,15500
Whitley Gardens,85385
Whittier,65583
Wildomar,60816
Wilkerson,73125
Williams,54069
Willits,34186
Willow Creek,35607
Willowbrook,37760
Willows,38730
Wilsonia,Data Unavailable
Wilton,81250
Winchester,57935
Windsor,81442
Winter Gardens,61759
Winterhaven,21793
Winters,59856
Winton,41091
Wofford Heights,30500
Woodacre,88657
Woodbridge,72452
Woodcrest,86095
Woodlake,35509
Woodland,54532
Woodlands,79864
Woodside,206528
Woodville,34750
Wrightwood,55697
Yankee Hill,33500
Yettem,Data Unavailable
Yolo,75089
Yorba Linda,115994
Yosemite Lakes,59750
Yosemite Valley,37250
Yountville,65568
Yreka,26385
Yuba City,50494
Yucaipa,58506
Yucca Valley,43086
Zayante,81308
